Company,Muhammad Zakaria and Sons
Report,Transaction activity — July to September 2026
Period,Custom: 2026-07-01 to 2026-09-30
Filters,"All categories, projects, parties and cash/bank sources"
Generated,2026-09-20 19:55:49 PKT
Generated for,finance.officer
Opening (PKR),0.00
Receipts (PKR),1325000.00
Payments (PKR),826150.00
Closing (PKR),498850.00
Net movement (PKR),498850.00
Transfers in (PKR),150000.00
Transfers out (PKR),150000.00
Basis,"Receipts less payments, plus transfers in less transfers out. Opening includes earlier recorded movement. Independent openings apply only to one selected account/category/project/party without additional filters; openings from different dimensions are never added together. Current revision excludes cancelled records. This is not profit, debt or a reconciled bank balance. Grouped detail can contain allocation rows from the same transaction."
Header,Example data generated by scripts/build_manual_examples.py
Footer,Example data only — not company accounts.

Date,Register reference,Organization / person,Category,Project / contract,Cash / bank source,Receipts (PKR),Payments (PKR),Running balance (PKR)
2026-07-04,REG-000001,Capital Builders (Pvt) Ltd,Client receipts,G-11 Markaz office fit-out,Main cash box,400000.00,0.00,400000.00
2026-07-06,REG-000002,Al-Rehman Traders,Materials,G-11 Markaz office fit-out,Main cash box,0.00,135500.00,264500.00
2026-07-18,REG-000003,Riaz Masood,Labour and wages,G-11 Markaz office fit-out,Main cash box,0.00,86000.00,178500.00
2026-08-02,REG-000004,Capital Builders (Pvt) Ltd,Client receipts,Boundary wall — Phase II,Bank current account,650000.00,0.00,828500.00
2026-08-09,REG-000005,Attock filling station,Fuel and transport,Boundary wall — Phase II,Main cash box,0.00,24300.00,804200.00
2026-08-23,REG-000006,Example Utilities,Office and administration,Unassigned,Bank current account,0.00,38750.00,765450.00
2026-09-05,REG-000007,Riaz Masood,Labour and wages,Boundary wall — Phase II,Main cash box,0.00,94000.00,671450.00
2026-09-12,REG-000008,Al-Rehman Traders,Materials,"G-11 Markaz office fit-out, Boundary wall — Phase II",Bank current account,0.00,300000.00,371450.00
2026-09-15,TRF-000002,Own-account transfer,Internal transfer,Unassigned,Main cash box → Bank current account,0.00,0.00,371450.00
2026-09-19,REG-000009,Blue Area Stationers,Office and administration,Unassigned,Main cash box,0.00,12400.00,359050.00
2026-09-22,REG-000011,Capital Builders (Pvt) Ltd,Client receipts,Unassigned,Bank current account,275000.00,0.00,634050.00
2026-09-24,REG-000012,Al-Rehman Traders,Materials,Unassigned,Main cash box,0.00,64200.00,569850.00
2026-09-26,REG-000013,Riaz Masood,Labour and wages,Unassigned,Main cash box,0.00,71000.00,498850.00
